                  epoch,         train/box_loss,         train/cls_loss,         train/dfl_loss,   metrics/precision(B),      metrics/recall(B),       metrics/mAP50(B),    metrics/mAP50-95(B),           val/box_loss,           val/cls_loss,           val/dfl_loss,                 lr/pg0,                 lr/pg1,                 lr/pg2
                      1,                 4.8846,                 4.2024,                 3.9101,                0.00083,                0.06939,                0.00059,                0.00017,                  5.035,                 4.1473,                 3.9385,             0.00065278,             0.00065278,             0.00065278
                      2,                 3.6888,                 3.0161,                 3.1133,                0.00174,                0.14498,                0.00115,                0.00033,                 4.5313,                 3.8602,                 3.6156,              0.0013064,              0.0013064,              0.0013064
                      3,                 3.2494,                  2.546,                 2.6984,                0.30488,                0.27138,                0.17737,                0.04481,                 2.9495,                 4.1474,                 2.7355,              0.0019468,              0.0019468,              0.0019468
                      4,                 2.8923,                 2.2891,                  2.419,                0.29066,                0.38438,                0.23016,                0.06836,                 2.6417,                 2.5177,                 2.5347,              0.0019406,              0.0019406,              0.0019406
                      5,                 2.6334,                 2.1136,                 2.2246,                0.44566,                0.41884,                 0.3785,                0.13372,                 2.4539,                 2.3647,                 2.3086,              0.0019406,              0.0019406,              0.0019406
                      6,                 2.4776,                 1.9336,                 2.1192,                0.48749,                0.46344,                0.40405,                0.12751,                 2.6023,                 2.0965,                 2.3607,              0.0019208,              0.0019208,              0.0019208
                      7,                 2.3058,                 1.7715,                 1.9745,                0.54844,                0.50186,                0.48613,                0.19641,                 2.2756,                 1.9046,                 2.1655,               0.001901,               0.001901,               0.001901
                      8,                 2.2308,                 1.6793,                 1.9261,                0.57198,                0.51003,                0.50557,                0.19519,                 2.2672,                 1.8158,                 2.1293,              0.0018812,              0.0018812,              0.0018812
                      9,                 2.1606,                 1.6146,                 1.8525,                0.54602,                0.50434,                 0.4893,                0.18782,                 2.3124,                 1.9013,                 2.1432,              0.0018614,              0.0018614,              0.0018614
                     10,                 2.1166,                 1.5572,                 1.7965,                0.62615,                0.56451,                0.58536,                0.25709,                 2.0865,                 1.7641,                 1.9983,              0.0018416,              0.0018416,              0.0018416
                     11,                 2.0743,                 1.5508,                  1.787,                0.64584,                0.62206,                0.63949,                0.29768,                 2.0359,                 1.6062,                 1.9583,              0.0018218,              0.0018218,              0.0018218
                     12,                 2.0194,                 1.4997,                 1.7396,                0.63768,                0.57869,                0.59451,                0.24958,                 2.1429,                  1.671,                 2.0352,               0.001802,               0.001802,               0.001802
                     13,                 2.0053,                 1.4648,                 1.7161,                 0.6498,                0.57249,                0.59592,                0.26525,                 2.1107,                  1.652,                 1.9749,              0.0017822,              0.0017822,              0.0017822
                     14,                 1.9721,                 1.4482,                 1.6915,                0.13931,                0.57993,                0.11484,                0.05199,                 2.0023,                  3.464,                 1.9508,              0.0017624,              0.0017624,              0.0017624
                     15,                 1.9177,                 1.3979,                 1.6723,                0.67398,                0.63817,                0.65311,                0.29323,                  2.046,                 1.5776,                 1.9629,              0.0017426,              0.0017426,              0.0017426
                     16,                 1.8771,                 1.3457,                  1.639,                0.66551,                0.66567,                0.67802,                0.32725,                 1.9679,                 1.4646,                 1.9303,              0.0017228,              0.0017228,              0.0017228
                     17,                 1.8653,                 1.3293,                 1.6178,                0.66849,                0.66914,                0.67354,                0.32709,                 1.9517,                 1.4756,                 1.9283,               0.001703,               0.001703,               0.001703
                     18,                 1.8617,                 1.2835,                 1.6097,                0.63909,                0.67286,                0.65989,                0.31495,                 1.9892,                 1.5168,                   1.97,              0.0016832,              0.0016832,              0.0016832
                     19,                 1.8425,                 1.2873,                  1.621,                0.69983,                0.61246,                0.65429,                0.30874,                 2.0554,                 1.5245,                 1.9716,              0.0016634,              0.0016634,              0.0016634
                     20,                 1.8247,                 1.2443,                 1.5785,                0.64836,                0.65675,                0.66949,                0.32543,                 1.9249,                 1.4096,                 1.8774,              0.0016436,              0.0016436,              0.0016436
                     21,                 1.8006,                 1.2374,                 1.5801,                0.66629,                0.70756,                0.69612,                0.35428,                 1.9138,                 1.3985,                 1.9106,              0.0016238,              0.0016238,              0.0016238
                     22,                 1.7751,                 1.2288,                 1.5693,                0.66833,                0.65551,                0.65549,                0.31011,                 1.9937,                 1.4292,                  1.954,               0.001604,               0.001604,               0.001604
                     23,                 1.7717,                 1.2216,                 1.5696,                0.68115,                0.68154,                0.69195,                0.34665,                 1.8924,                 1.3465,                 1.8729,              0.0015842,              0.0015842,              0.0015842
                     24,                  1.773,                 1.2061,                 1.5415,                0.69197,                0.68199,                0.69994,                0.33994,                 1.9556,                 1.3731,                 1.9207,              0.0015644,              0.0015644,              0.0015644
                     25,                 1.7481,                 1.1809,                 1.5369,                0.70002,                0.67665,                0.70769,                0.36172,                 1.8878,                 1.3422,                 1.8732,              0.0015446,              0.0015446,              0.0015446
                     26,                 1.7226,                 1.1712,                 1.5424,                0.67633,                0.69269,                0.72087,                0.36108,                 1.8683,                 1.3286,                 1.8646,              0.0015248,              0.0015248,              0.0015248
                     27,                 1.7149,                 1.1661,                 1.5349,                0.73501,                0.68154,                0.72817,                0.37087,                  1.872,                 1.3038,                 1.8431,               0.001505,               0.001505,               0.001505
                     28,                 1.7331,                 1.1451,                 1.5362,                0.72889,                0.68525,                0.73781,                0.37238,                   1.87,                 1.3007,                 1.8297,              0.0014852,              0.0014852,              0.0014852
                     29,                 1.7092,                 1.1289,                 1.5166,                0.67774,                0.71927,                0.71418,                 0.3537,                  1.897,                 1.3429,                 1.8758,              0.0014654,              0.0014654,              0.0014654
                     30,                 1.7228,                 1.1278,                 1.5163,                0.68996,                0.71975,                0.72405,                 0.3566,                 1.9317,                 1.3083,                 1.9029,              0.0014456,              0.0014456,              0.0014456
                     31,                  1.693,                  1.114,                 1.4929,                0.71535,                0.71312,                0.74814,                0.37783,                  1.853,                 1.2597,                 1.8384,              0.0014258,              0.0014258,              0.0014258
                     32,                 1.7148,                 1.1122,                 1.5094,                0.70957,                0.72053,                0.73449,                0.36286,                 1.8998,                  1.264,                 1.8616,               0.001406,               0.001406,               0.001406
                     33,                 1.6731,                 1.0986,                 1.4845,                0.72828,                0.71409,                0.72047,                0.38311,                  1.798,                 1.2764,                 1.7905,              0.0013862,              0.0013862,              0.0013862
                     34,                 1.6533,                 1.0838,                  1.478,                0.74721,                0.69021,                0.73831,                0.38728,                 1.8212,                 1.2922,                 1.8248,              0.0013664,              0.0013664,              0.0013664
                     35,                 1.6723,                 1.0767,                 1.4877,                0.74387,                0.71747,                0.75959,                0.38802,                 1.8698,                  1.247,                  1.873,              0.0013466,              0.0013466,              0.0013466
                     36,                 1.6452,                 1.0645,                 1.4689,                0.73678,                0.69888,                 0.7506,                0.38607,                 1.8422,                 1.2216,                 1.8336,              0.0013268,              0.0013268,              0.0013268
                     37,                 1.6254,                 1.0598,                  1.462,                0.73883,                0.69765,                0.75127,                0.39816,                 1.8212,                 1.2731,                 1.8184,               0.001307,               0.001307,               0.001307
                     38,                   1.62,                 1.0492,                 1.4468,                0.75302,                0.71004,                0.77599,                0.40555,                 1.8048,                 1.1753,                 1.8141,              0.0012872,              0.0012872,              0.0012872
                     39,                 1.6178,                 1.0354,                 1.4479,                0.73205,                0.72243,                0.75208,                 0.4012,                  1.808,                 1.1884,                 1.8351,              0.0012674,              0.0012674,              0.0012674
                     40,                 1.6238,                  1.027,                 1.4412,                0.72672,                0.73482,                0.76223,                0.41047,                 1.7819,                 1.1931,                 1.8162,              0.0012476,              0.0012476,              0.0012476
                     41,                 1.6139,                 1.0322,                 1.4308,                0.72694,                0.74969,                0.76412,                0.39627,                 1.8194,                 1.1687,                  1.829,              0.0012278,              0.0012278,              0.0012278
                     42,                 1.6269,                 1.0269,                 1.4414,                0.75699,                0.71995,                0.77424,                0.41245,                 1.7828,                  1.116,                 1.7883,               0.001208,               0.001208,               0.001208
                     43,                 1.5789,                 1.0176,                 1.4264,                0.71352,                0.73606,                0.75615,                0.39702,                 1.8068,                 1.1781,                 1.8281,              0.0011882,              0.0011882,              0.0011882
                     44,                 1.5663,                 1.0018,                  1.439,                0.75134,                0.73606,                0.77482,                0.41392,                 1.7883,                 1.1606,                 1.8021,              0.0011684,              0.0011684,              0.0011684
                     45,                 1.5927,                  1.003,                 1.4272,                0.74152,                0.74102,                0.77569,                0.40539,                 1.8037,                 1.1746,                 1.8234,              0.0011486,              0.0011486,              0.0011486
                     46,                 1.5932,                0.99794,                 1.4365,                0.70843,                0.73163,                0.73808,                0.40266,                  1.764,                 1.2022,                 1.8053,              0.0011288,              0.0011288,              0.0011288
                     47,                 1.5896,                0.98777,                 1.4198,                0.71613,                0.74102,                0.75724,                0.40745,                 1.8031,                 1.1916,                 1.8286,               0.001109,               0.001109,               0.001109
                     48,                 1.5564,                 0.9872,                 1.4084,                0.72034,                0.72243,                0.74529,                0.39489,                 1.8097,                 1.1918,                 1.8359,              0.0010892,              0.0010892,              0.0010892
                     49,                 1.5679,                0.97492,                  1.419,                0.73632,                0.72322,                0.74263,                0.39675,                 1.7795,                  1.152,                 1.8076,              0.0010694,              0.0010694,              0.0010694
                     50,                 1.5903,                  1.007,                 1.4216,                0.73023,                0.75135,                0.76165,                0.40764,                 1.7959,                 1.1698,                 1.8565,              0.0010496,              0.0010496,              0.0010496
                     51,                 1.5636,                0.97018,                 1.4075,                0.74023,                0.74845,                0.77141,                0.41489,                  1.774,                  1.118,                   1.82,              0.0010298,              0.0010298,              0.0010298
                     52,                 1.5419,                 0.9691,                 1.3991,                 0.7464,                0.72576,                0.76844,                  0.411,                   1.77,                 1.1165,                 1.8099,                0.00101,                0.00101,                0.00101
                     53,                 1.5346,                0.97327,                 1.4124,                0.77102,                0.72367,                0.78026,                0.42052,                 1.7691,                 1.1238,                 1.7886,              0.0009902,              0.0009902,              0.0009902
                     54,                 1.5391,                0.97376,                 1.3947,                 0.7526,                0.72753,                0.78257,                0.42284,                  1.742,                 1.0848,                 1.7983,              0.0009704,              0.0009704,              0.0009704
                     55,                 1.5277,                0.96719,                 1.4051,                0.75735,                0.72325,                0.77046,                0.41768,                 1.7604,                 1.1287,                 1.8053,              0.0009506,              0.0009506,              0.0009506
                     56,                 1.5139,                 0.9521,                 1.3648,                0.72766,                0.73234,                 0.7759,                0.41623,                 1.7614,                 1.1261,                 1.8049,              0.0009308,              0.0009308,              0.0009308
                     57,                 1.4905,                 0.9226,                 1.3717,                0.72442,                0.75341,                0.77167,                 0.4078,                 1.7867,                  1.118,                 1.8313,               0.000911,               0.000911,               0.000911
                     58,                 1.5324,                0.94559,                 1.3825,                0.75091,                0.72843,                0.76624,                0.41685,                 1.7629,                  1.105,                  1.834,              0.0008912,              0.0008912,              0.0008912
                     59,                 1.5134,                 0.9355,                 1.3817,                0.73077,                0.74102,                0.76039,                0.39184,                 1.8132,                 1.1115,                 1.8375,              0.0008714,              0.0008714,              0.0008714
                     60,                 1.5235,                0.92818,                 1.3644,                0.73599,                0.73235,                 0.7469,                0.41542,                 1.7094,                 1.1026,                 1.7833,              0.0008516,              0.0008516,              0.0008516
                     61,                 1.4871,                0.92728,                 1.3596,                0.75451,                0.72743,                0.75955,                0.41786,                 1.7476,                 1.0977,                 1.8044,              0.0008318,              0.0008318,              0.0008318
                     62,                 1.4949,                0.91913,                  1.378,                0.73621,                 0.7373,                0.75479,                0.41031,                  1.762,                 1.1337,                 1.8123,               0.000812,               0.000812,               0.000812
                     63,                 1.4798,                0.91797,                 1.3696,                0.72289,                0.74102,                0.75585,                0.41719,                 1.7278,                 1.1068,                 1.8082,              0.0007922,              0.0007922,              0.0007922
                     64,                 1.4861,                0.93067,                 1.3644,                0.74071,                0.74226,                0.77758,                0.42619,                 1.7284,                 1.0896,                 1.7917,              0.0007724,              0.0007724,              0.0007724
                     65,                 1.4738,                0.92018,                 1.3804,                0.73415,                 0.7373,                0.76788,                0.42406,                 1.7141,                 1.0768,                 1.8146,              0.0007526,              0.0007526,              0.0007526
                     66,                 1.4602,                0.90198,                 1.3444,                 0.7451,                0.75093,                0.76903,                0.41667,                 1.7309,                 1.0795,                 1.8181,              0.0007328,              0.0007328,              0.0007328
                     67,                 1.4812,                0.90544,                 1.3656,                0.74246,                0.73947,                0.76429,                0.41762,                  1.739,                 1.1018,                 1.8244,               0.000713,               0.000713,               0.000713
                     68,                 1.4731,                0.90088,                 1.3546,                0.75258,                0.73499,                0.78431,                0.43109,                   1.73,                 1.0713,                 1.7811,              0.0006932,              0.0006932,              0.0006932
                     69,                 1.4744,                0.92543,                 1.3518,                0.73378,                 0.7596,                 0.7793,                0.43323,                 1.7256,                  1.062,                 1.7839,              0.0006734,              0.0006734,              0.0006734
                     70,                 1.4749,                0.91057,                 1.3696,                0.76568,                 0.7373,                0.77428,                0.43461,                  1.716,                 1.0533,                 1.8019,              0.0006536,              0.0006536,              0.0006536
                     71,                 1.4445,                 0.8749,                 1.3449,                0.75671,                 0.7477,                0.77425,                0.43149,                 1.7089,                 1.0567,                 1.7943,              0.0006338,              0.0006338,              0.0006338
                     72,                 1.4395,                0.88151,                 1.3469,                0.76925,                0.74102,                0.79184,                0.44889,                 1.6889,                 1.0518,                  1.761,               0.000614,               0.000614,               0.000614
                     73,                  1.452,                0.87477,                 1.3313,                0.75402,                0.73309,                0.77419,                0.42471,                 1.7329,                 1.0494,                 1.8235,              0.0005942,              0.0005942,              0.0005942
                     74,                 1.4461,                  0.895,                  1.339,                0.73737,                  0.772,                0.79706,                0.44202,                 1.7122,                 1.0254,                 1.7992,              0.0005744,              0.0005744,              0.0005744
                     75,                 1.4475,                0.86575,                 1.3339,                0.74387,                0.74226,                 0.7684,                0.43009,                 1.7059,                 1.0433,                 1.7875,              0.0005546,              0.0005546,              0.0005546
                     76,                 1.4313,                0.86177,                 1.3388,                0.73099,                0.76332,                0.77939,                0.43871,                 1.7167,                 1.0075,                 1.8009,              0.0005348,              0.0005348,              0.0005348
                     77,                 1.4125,                0.87231,                 1.3338,                 0.7058,                0.73427,                 0.7497,                0.41466,                 1.6999,                 1.0666,                 1.8112,               0.000515,               0.000515,               0.000515
                     78,                 1.4444,                0.86609,                 1.3376,                 0.7513,                0.77112,                 0.7907,                0.44275,                 1.6975,                 1.0284,                 1.7885,              0.0004952,              0.0004952,              0.0004952
                     79,                 1.4119,                0.85284,                 1.3205,                0.76381,                0.76208,                0.79336,                 0.4417,                  1.703,                 1.0036,                 1.8008,              0.0004754,              0.0004754,              0.0004754
                     80,                 1.4176,                 0.8527,                 1.3193,                0.74877,                0.76208,                0.78635,                0.45111,                 1.6848,                 1.0051,                 1.7773,              0.0004556,              0.0004556,              0.0004556
                     81,                 1.4235,                0.86009,                 1.3448,                0.71357,                0.76952,                0.77813,                0.43143,                  1.707,                  1.022,                 1.8035,              0.0004358,              0.0004358,              0.0004358
                     82,                 1.4115,                0.85586,                 1.3056,                0.76074,                0.75646,                0.78761,                0.44473,                 1.6785,                0.99476,                 1.7896,               0.000416,               0.000416,               0.000416
                     83,                 1.3906,                0.83514,                 1.3045,                0.77202,                 0.7721,                0.80374,                 0.4528,                 1.7035,                 0.9757,                 1.7976,              0.0003962,              0.0003962,              0.0003962
                     84,                 1.3944,                0.85496,                 1.3051,                0.76338,                0.75959,                0.78755,                0.44429,                  1.706,                0.98599,                 1.8207,              0.0003764,              0.0003764,              0.0003764
                     85,                 1.3811,                0.83928,                 1.3046,                 0.7555,                0.76456,                0.79004,                 0.4435,                 1.6992,                 1.0113,                 1.8016,              0.0003566,              0.0003566,              0.0003566
                     86,                 1.4062,                0.84743,                 1.3285,                0.76407,                0.75093,                0.78619,                  0.441,                 1.7101,                  1.004,                 1.8107,              0.0003368,              0.0003368,              0.0003368
                     87,                 1.3873,                 0.8332,                 1.3063,                 0.7576,                0.75465,                0.77965,                0.43793,                  1.695,                 1.0263,                 1.8064,               0.000317,               0.000317,               0.000317
                     88,                 1.3744,                0.82538,                 1.2941,                0.74815,                0.75341,                0.78651,                0.44802,                 1.6992,                0.99095,                 1.8227,              0.0002972,              0.0002972,              0.0002972
                     89,                 1.3647,                0.82356,                 1.3047,                0.75079,                0.76156,                0.78698,                0.44495,                 1.6916,                0.99954,                 1.8068,              0.0002774,              0.0002774,              0.0002774
                     90,                 1.3699,                0.83947,                 1.3131,                0.74124,                0.76704,                0.78673,                0.44969,                 1.7026,                0.98398,                 1.8269,              0.0002576,              0.0002576,              0.0002576
                     91,                 1.3564,                0.82742,                 1.3487,                0.75607,                0.75217,                0.79091,                0.44652,                 1.7075,                0.98065,                 1.8577,              0.0002378,              0.0002378,              0.0002378
                     92,                 1.3291,                0.78361,                 1.3323,                0.76382,                0.74939,                0.78536,                 0.4428,                 1.7051,                 1.0069,                 1.8371,               0.000218,               0.000218,               0.000218
                     93,                 1.3171,                0.77818,                 1.3137,                0.76668,                0.77943,                0.80341,                0.45485,                 1.7021,                0.96603,                 1.8393,              0.0001982,              0.0001982,              0.0001982
                     94,                 1.3206,                0.77967,                 1.3299,                0.76264,                0.77695,                0.79869,                0.45322,                 1.6855,                0.97025,                 1.8266,              0.0001784,              0.0001784,              0.0001784
                     95,                 1.3059,                0.76877,                 1.3245,                0.75985,                0.77076,                0.79587,                0.44997,                 1.6846,                0.96113,                 1.8192,              0.0001586,              0.0001586,              0.0001586
                     96,                 1.3031,                0.76913,                 1.3229,                0.75512,                0.76704,                0.79691,                0.45375,                  1.701,                0.96749,                 1.8375,              0.0001388,              0.0001388,              0.0001388
                     97,                 1.3135,                0.75424,                 1.3264,                0.75618,                0.77819,                0.79281,                0.45322,                 1.6907,                0.96643,                  1.827,               0.000119,               0.000119,               0.000119
                     98,                 1.2935,                0.75066,                 1.3092,                0.75796,                0.76835,                0.79937,                0.45516,                 1.6807,                0.95458,                  1.805,               9.92e-05,               9.92e-05,               9.92e-05
                     99,                 1.3081,                0.76295,                 1.3204,                0.76044,                0.76208,                0.80049,                0.45693,                 1.6791,                0.95041,                 1.8001,               7.94e-05,               7.94e-05,               7.94e-05
                    100,                 1.3006,                0.75856,                 1.3177,                0.76192,                 0.7733,                0.79435,                0.45407,                 1.6821,                0.96669,                 1.8207,               5.96e-05,               5.96e-05,               5.96e-05
